{"_runtime":75.4251834,"_step":535,"_wandb":{"runtime":75},"episode":511010,"average_reward":0.008432126696832567,"loss":0.075693623131323,"_timestamp":1.7281168091590683e+09}