{"episode":511010,"_wandb":{"runtime":75},"total_reward":0.34440873015873014,"_timestamp":1.7281171601487005e+09,"_runtime":74.9575765,"_step":535}