{"_step":511,"_wandb":{"runtime":67},"episode":512000,"total_reward":-4.435529242450646,"_timestamp":1.7280987553716533e+09,"_runtime":67.4792175}