{"total_reward":0.0028424908424908336,"_timestamp":1.728117082048239e+09,"_runtime":89.4738671,"_step":535,"episode":511010,"_wandb":{"runtime":89}}