{"_runtime":62.6358638,"_step":535,"episode":511010,"average_reward":-0.0012500000000000048,"loss":0.009128669954211119,"_wandb":{"runtime":62},"_timestamp":1.7281335934987516e+09}