{"_wandb":{"runtime":58},"total_reward":-0.03390079365079367,"_timestamp":1.7281019092322886e+09,"_runtime":58.2363229,"_step":536,"episode":512000}