{"_step":535,"_wandb":{"runtime":70},"episode":511010,"average_reward":0.06149363463334051,"loss":0.029974934293134255,"_timestamp":1.7281336663588665e+09,"_runtime":70.0151295}