{"_step":535,"_wandb":{"runtime":61},"episode":511010,"average_reward":0.06911111111111111,"loss":0.018558679953534753,"_timestamp":1.7281166596860418e+09,"_runtime":60.9965448}