{"_timestamp":1.7281167310261514e+09,"_runtime":67.8344365,"_step":535,"episode":511010,"average_reward":0.03883974358974358,"_wandb":{"runtime":68},"loss":0.04583521327130289}