{"episode":511010,"average_reward":0.02083333333333333,"loss":0.05012336882147074,"_wandb":{"runtime":88},"_timestamp":1.72813383784791e+09,"_runtime":87.9008208,"_step":535}