{"_runtime":98.4454369,"_step":535,"episode":511010,"total_reward":0.22927304639804635,"_wandb":{"runtime":98},"_timestamp":1.728102934579285e+09}