{"episode":511010,"average_reward":0.12525,"loss":-0.0643201919020876,"_timestamp":1.728117679531086e+09,"_wandb":{"runtime":84},"_runtime":83.938286,"_step":535}