{"_wandb":{"runtime":12},"loss":2.0537786191908066e-06,"_timestamp":1.7281164809177573e+09,"_runtime":12.0789223,"_step":523,"episode":49910,"average_reward":0.17606471306471305}