{"_wandb":{"runtime":70},"_timestamp":1.7280970841112936e+09,"_runtime":70.0309745,"_step":511,"episode":512000,"total_reward":0.1510726495726496}