{"_timestamp":1.7281168973163056e+09,"_runtime":85.4609496,"_step":535,"episode":511010,"average_reward":0.17399151614668856,"_wandb":{"runtime":85},"loss":0.05036819971591908}