{"_wandb":{"runtime":6},"episode":39010,"total_reward":0.12676709401709402,"_timestamp":1.728116976486561e+09,"_runtime":6.0377959,"_step":63}