{"_step":523,"_wandb":{"runtime":11},"episode":49910,"average_reward":0.11105555555555555,"loss":1.8657817502485833e-06,"_timestamp":1.7281338916281562e+09,"_runtime":11.120661}