{"_wandb":{"runtime":88},"_timestamp":1.7281180097764003e+09,"_runtime":88.2883464,"_step":535,"episode":511010,"average_reward":0.19906582633053221,"loss":0.12461335225606476}