{"episode":511010,"total_reward":-0.063359335839599,"_timestamp":1.7281028333972242e+09,"_runtime":85.2674076,"_step":535,"_wandb":{"runtime":85}}