{"_wandb":{"runtime":13},"average_reward":-0.04244123931623933,"loss":3.772924149919497e-10,"_timestamp":1.7281164967477355e+09,"_runtime":13.3303895,"_step":523,"episode":49910}