{"_step":523,"_wandb":{"runtime":10},"episode":49910,"average_reward":0.011190476190476183,"loss":0.00022234670596627654,"_timestamp":1.728116466339839e+09,"_runtime":10.7447029}