{"loss":0.1764128401339113,"_timestamp":1.7281311119307108e+09,"_runtime":101.1899366,"_step":535,"episode":511010,"_wandb":{"runtime":101},"average_reward":-0.06616346153846153}