{"episode":511010,"average_reward":0.12205555555555554,"loss":0.02706285234625546,"_timestamp":1.728133153990371e+09,"_wandb":{"runtime":98},"_runtime":97.684749,"_step":535}