{"_timestamp":1.728133251462211e+09,"_runtime":94.6176088,"_step":535,"_wandb":{"runtime":94},"episode":511010,"average_reward":0.14396825396825394,"loss":0.024705137032948736}