{"_step":535,"_wandb":{"runtime":83},"episode":511010,"total_reward":0.08180555555555555,"_timestamp":1.7281172462052338e+09,"_runtime":83.3899149}