{"_wandb":{"runtime":10},"episode":49010,"total_reward":-0.06585195360195362,"_timestamp":1.728103437486112e+09,"_runtime":9.695758,"_step":73}