{"_timestamp":1.7281027454836516e+09,"_runtime":74.8658717,"_step":535,"_wandb":{"runtime":75},"episode":511010,"total_reward":0.002318681318681311}