{"episode":511010,"_wandb":{"runtime":88},"total_reward":-0.14631703296703297,"_timestamp":1.7281173375028498e+09,"_runtime":88.6135171,"_step":535}