{"_runtime":10.8866932,"_step":73,"_wandb":{"runtime":11},"episode":49010,"total_reward":-0.03333333333333333,"_timestamp":1.7281034508707852e+09}