{"episode":512000,"total_reward":-1.4575857906358363,"_timestamp":1.7280975897991621e+09,"_runtime":65.3795426,"_step":511,"_wandb":{"runtime":65}}