{"_step":512,"_wandb":{"runtime":55},"episode":512000,"total_reward":0.19859722222222223,"_timestamp":1.7281011953739908e+09,"_runtime":55.7831117}