{"_timestamp":1.7281026660808115e+09,"_runtime":79.1520732,"_step":535,"_wandb":{"runtime":79},"episode":511010,"total_reward":0.38129761904761905}