{"_timestamp":1.7281310080610144e+09,"_runtime":81.3403113,"_wandb":{"runtime":81},"_step":535,"episode":511010,"average_reward":0.20428968253968255,"loss":0.1907665264188267}