{"_step":535,"_wandb":{"runtime":75},"episode":511010,"average_reward":0.17679365079365078,"loss":0.15452256497176461,"_timestamp":1.7281309239879909e+09,"_runtime":75.0869669}