{"loss":9.267116766396419e-10,"_timestamp":1.728133923461927e+09,"_runtime":13.8205615,"_step":523,"_wandb":{"runtime":13},"episode":49910,"average_reward":0.14482142857142857}