{"_wandb":{"runtime":10},"_runtime":9.8119061,"_step":523,"episode":49910,"average_reward":0.1653531746031746,"loss":4.7085813606191545e-07,"_timestamp":1.7281338779760156e+09}