{"loss":8.401226723985363e-07,"_timestamp":1.728133907107428e+09,"_wandb":{"runtime":13},"_runtime":13.0579551,"_step":523,"episode":49910,"average_reward":0.10998611111111109}