{"_runtime":8.4520564,"_step":73,"episode":49010,"_wandb":{"runtime":8},"total_reward":0.14990873015873016,"_timestamp":1.7281034251457787e+09}