{"_wandb":{"runtime":9},"average_reward":0.17465079365079367,"loss":1.9515197454605505e-11,"_timestamp":1.7281164505393844e+09,"_runtime":9.3690965,"_step":523,"episode":49910}