{"_runtime":64.9883815,"_step":536,"_wandb":{"runtime":65},"episode":512000,"total_reward":0.1577579365079365,"_timestamp":1.7281019768611126e+09}