{"_runtime":69.8774872,"_step":512,"episode":512000,"total_reward":-0.09606623931623932,"_wandb":{"runtime":70},"_timestamp":1.7281013328338842e+09}