{"loss":0.052956593809833544,"_wandb":{"runtime":83},"_timestamp":1.7281179184729326e+09,"_runtime":83.2945426,"_step":535,"episode":511010,"average_reward":0.0756111111111111}