{"_wandb":{"runtime":83},"episode":511010,"average_reward":0.0299781746031746,"loss":0.06917764852765326,"_timestamp":1.7281333370632129e+09,"_runtime":82.7470159,"_step":535}