{"_wandb":{"runtime":12},"episode":49010,"total_reward":-0.07877025425554837,"_timestamp":1.72810346549743e+09,"_runtime":12.0866357,"_step":73}