{"_step":536,"episode":512000,"total_reward":0.07898193400167083,"_wandb":{"runtime":80},"_timestamp":1.7281021339255185e+09,"_runtime":80.4669345}