{"_runtime":90.6576445,"_step":535,"episode":511010,"average_reward":0.0027155067155066994,"loss":0.13586676902400455,"_wandb":{"runtime":90},"_timestamp":1.7281334303747923e+09}