{"_wandb":{"runtime":90},"episode":511010,"average_reward":0.12702777777777777,"loss":0.10381587617211996,"_timestamp":1.7281308436699207e+09,"_runtime":90.4463587,"_step":535}