{"total_reward":0.07504090354090354,"_timestamp":1.7281009785573978e+09,"_runtime":67.9102377,"_step":512,"_wandb":{"runtime":68},"episode":512000}