{"_timestamp":1.7281012604617827e+09,"_runtime":62.4545528,"_step":512,"_wandb":{"runtime":62},"episode":512000,"total_reward":0.05568055555555555}