{"_timestamp":1.7281014143749654e+09,"_runtime":78.5714596,"_step":512,"episode":512000,"_wandb":{"runtime":78},"total_reward":-0.07047385620915032}