{"_wandb":{"runtime":149},"episode":511010,"average_reward":0.1493333333333333,"loss":0.08914773154582377,"_timestamp":1.7281178324635549e+09,"_runtime":149.5459829,"_step":535}