{"_wandb":{"runtime":78},"episode":511010,"average_reward":0.04172420634920636,"loss":0.037688849013208146,"_timestamp":1.728133747229301e+09,"_runtime":78.2731853,"_step":535}