{"_step":536,"_wandb":{"runtime":71},"episode":512000,"total_reward":0.10057539682539682,"_timestamp":1.728102050442768e+09,"_runtime":71.0803413}